,0
c,1255
java,1078
linux,1071
sql,837
mysql,726
android,676
oracle,437
c#,433
spring,386
html,368
web,349
javascript,320
php,277
tcp,233
html5,231
python,230
.net,213
http,172
jquery,172
vue,159
redis,155
git,150
mvc,132
tomcat,129
j2ee,126
shell,123
windows,117
js,114
hadoop,105
qt,101
ios,98
opencv,83
sqlserver,82
arm,79
erp,79
svn,79
eclipse,75
ajax,72
react,66
springboot,65
stm32,64
ui,64
socket,63
uml,62
matlab,60
docker,60
asp.net,57
photoshop,57
nosql,54
io,52
es6,50
webpack,50
nginx,49
w3c,48
xml,48
jvm,46
maven,43
objective,40
office,40
labview,39
xcode,37
can,37
etl,36
jsp,35
h5,34
css,33
app,33
mfc,32
vc,31
bootstrap,31
nodejs,31
axure,31
mongodb,31
webservice,30
springmvc,30
vs,30
3d,28
winform,28
struts,27
plc,27
ssh,27
uart,26
wpf,26
dubbo,25
api,25
mes,25
swift,25
vue.js,25
sqlite,24
unity3d,23
word,22
keil,22
dsp,22
sap,22
gis,22
mcu,20
opengl,20
ps,20
soa,19
unity,19
kafka,19
mssql,19
apache,19
thinkphp,19
div,19
fpga,19
node.js,19
mvvm,18
oop,18
iphone,18
springcloud,18
ci,18
pcb,17
vmware,17
51,17
sdk,17
halcon,17
iar,16
pc,16
cad,16
lamp,16
golang,16
oo,16
excel,15
jni,15
mybatis,15
memcache,15
tensorflow,15
ros,15
lnmp,14
go,14
restful,14
c#.net,13
jenkins,13
vb,12
postgresql,12
spi,12
j,12
ue4,12
struts2,12
st,12
i2c,11
spark,11
angularjs,11
rabbitmq,11
json,11
angular,10
lua,10
shader,10
it,10
javaee,10
node,10
bi,10
gnss,10
devops,9
autocad,9
oc,9
servlet,9
kotlin,9
w,9
t,9
django,9
netty,9
css3,9
elasticsearch,8
vs.net,8
1,8
laravel,8
caffe,8
mq,8
mqtt,8
npm,8
memcached,8
kubernetes,8
ucos,8
freertos,8
rtos,8
stm,8
stl,8
usb,8
cpu,7
flask,7
framework,7
yii,7
ti,7
webapi,7
gcc,7
openstack,7
rs485,7
androidsdk,7
pid,7
mtk,7
ms,7
slam,7
vuejs,7
websocket,6
jsdk,6
modbus,6
nlp,6
ni,6
orm,6
2,6
csr,6
aws,6
visio,6
wifi,6
x86,6
wcf,6
rs232,6
db2,5
echarts,5
bs,5
ef,5
uefi,5
ad,5
ssm,5
oa,5
javaweb,5
os,5
ide,5
hbase,5
activemq,5
enovia,5
qml,5
vr,5
lcd,5
idea,5
elk,5
cmmi,5
hive,5
webgis,5
cuda,5
verilog,4
k8s,4
linq,4
ca,4
perl,4
zookeeper,4
junit,4
bim,4
powerdesigner,4
tp,4
hibernate,4
visualstudio,4
gpu,4
8,4
delphi,4
k3,4
tcpip,4
adc,4
spss,4
sketch,4
stm8,4
extjs,4
tp5,4
object,4
window,4
myeclipse,4
webrtc,3
3a,3
nio,3
ionic,3
vivado,3
olap,3
github,3
i,3
easyui,3
vuex,3
es,3
makefile,3
abap,3
.netframework,3
uboot,3
java8,3
cocos,3
ai,3
resin,3
agv,3
emc,3
dll,3
ppt,3
vs2010,3
5.,3
kvm,3
rpc,3
ndk,3
revit,3
ble,3
webgl,3
openlayers,3
opengles,3
opc,3
remoting,3
sass,3
newsql,3
san,3
cortex,3
xaml,3
yii2,3
ccd,3
jboss,3
zigbee,3
grunt,3
cnn,3
bitcoin,3
glide,3
gprs,3
flutter,3
es5,3
kettle,3
ip,3
reactjs,3
gui,3
dba,3
protel,3
itil,3
snmp,3
ibatis,3
mangodb,3
vhdl,3
led,3
jdk,3
arcgis,3
react.js,3
weblogic,2
vs2012,2
sdn,2
gulp,2
macosx,2
win,2
at,2
autosar,2
2d,2
flex,2
ota,2
8583,2
bms,2
bios,2
ngs,2
internet,2
rhel,2
fabric,2
liunx,2
jfinal,2
vxworks,2
iatf16949,2
c51,2
ae,2
ida,2
p2p,2
uds,2
ffmpeg,2
plm,2
macos,2
4,2
scrapy,2
redux,2
mstra,2
ugui,2
cae,2
winforms,2
vs2008,2
mm,2
anddroid,2
plsql,2
numpy,2
unix,2
dva,2
mycat,2
6.,2
activiti,2
win32,2
mapreduce,2
jq,2
ado.net,2
vs2015,2
smarty,2
ioc,2
eplan,2
datasheet,2
ubuntu,2
asm,2
cfd,2
8051,2
cloudera,2
lwip,2
jmeter,2
rdbms,2
geoserver,2
electron,2
iis,2
ipfs,2
swoole,2
josn,2
mrc,2
onvif,2
rest,2
thinkphp5.0,2
bmp,2
soc,2
pyqt,2
ood,2
ogc,2
vcl,2
rn,2
ssl,2
cordova,2
hybrid,2
ext,2
dotnet,2
iview,2
webapp,2
ts,2
r,2
scikit,2
pwm,2
ccs,2
gdi,2
vslam,2
canvas,2
hdfs,2
view,2
a,2
openwrt,2
mvp,2
cdh,2
powerbuilder,2
bug,2
ddd,2
pos,2
im,2
db,2
echart,2
kalman,2
4gl,2
directx,2
lte,2
isp,1
edi,1
x,1
make,1
celery,1
oracl,1
sim,1
ngnix,1
wincc,1
hmtl,1
atm32,1
redhat,1
rda,1
apicloud,1
andriod,1
fx,1
dagger,1
vpn,1
osg,1
bsp,1
teradata,1
cognex,1
zk,1
cocoa,1
nexus,1
eclips,1
sqll,1
reids,1
bpmn,1
less,1
soap,1
4.java,1
crm,1
d3.js,1
ecstore,1
dcmtk,1
selinux,1
ads,1
oath2.0,1
blend,1
http2.0,1
hal,1
genesis,1
oled,1
no,1
groovy,1
mt7688,1
ansa,1
seajs,1
easyar,1
struts1,1
opencascade,1
angluarjs,1
sdwebimage,1
scrum,1
cocos2d,1
4.,1
loadrunner,1
c#net,1
wms,1
swoft,1
vim,1
his,1
vcu,1
dreamweaver,1
powerbi,1
cocoapods,1
scala,1
surface,1
gb28181,1
net,1
ecmascript,1
creo,1
kimball,1
uikit,1
flash,1
linixs,1
solaris,1
pdm,1
pro,1
three.js,1
gem,1
arcengine,1
esp32,1
fremaker,1
ecs,1
hbuilder,1
bootrasp,1
dom,1
sqoop,1
html5css3,1
pb,1
iiot,1
storyboard,1
fpm,1
altiumdesigner,1
webform,1
dev,1
6.linux,1
phonegap,1
mina,1
composer,1
bpmn2.0,1
mablab,1
graphql,1
echars,1
afnetworing,1
restapi,1
bcm,1
8960,1
wqlserver,1
dephi,1
xlinx,1
32,1
olldbg,1
ecos,1
er,1
renesas,1
laravel5.x,1
cicd,1
javascripe,1
jave,1
32bit,1
liteos,1
minigui,1
scada,1
rtx,1
u8,1
abb,1
mvc5web,1
gsp,1
dynamic,1
mrp,1
3.,1
geth,1
databinding,1
mr,1
centos,1
rfid,1
n,1
mootools,1
proxmoxve,1
vs2005,1
dhcp,1
zynq,1
phpmvc,1
vc2008,1
hdmi,1
symfony,1
ipmi,1
cximage,1
commonjs,1
atmel,1
workflow,1
vb6.0,1
bsw,1
ooad,1
netcore,1
mbd,1
xilinx,1
hadooop,1
tr069,1
winfrom,1
pow,1
stm32f103,1
tp3.2,1
perl.vb.net.c#,1
e,1
qtcreator,1
et,1
coredata,1
visualc,1
802.11,1
nigx,1
mipi,1
iso,1
linxu,1
latch,1
adb,1
html5canvas,1
uni,1
aerotech,1
jsonwebtoken,1
javac,1
solr,1
armcortex,1
6,1
hyperledger,1
skynet,1
esri,1
testbed,1
ls,1
gpib,1
weex,1
gitlab,1
mpls,1
tb,1
2020,1
winfom,1
aiops,1
sklearn,1
hr,1
jira,1
m3,1
5g,1
dns,1
adobe,1
dicom,1
neo4j,1
fluuter,1
ssas,1
vb.net,1
saas,1
case,1
domino,1
lbs,1
.netframework4.5,1
shop,1
bundle,1
catia,1
citrix,1
k3erp,1
ssh2,1
javasciprt,1
stm32f3,1
aspice,1
carplay,1
html4,1
dmr,1
jdbc,1
stylus,1
opp,1
amd,1
fine,1
ocpp,1
win2008,1
cookie,1
pyqt5,1
umijs,1
sensor,1
powerpint,1
etcd,1
coreanimation,1
boost,1
modelsim,1
pon,1
fatfs,1
grpc,1
seo,1
http2,1
nc6,1
gazebo,1
andrid,1
pcie,1
ado,1
u,1
lvds,1
grepawksed,1
solidworks,1
rna,1
vertx,1
storm,1
tms,1
spring5.0,1
pixhawk,1
swing,1
aaa,1
c#5.0,1
h,1
studio,1
duilib,1
divcss,1
kiel5,1
antdesign,1
coin,1
apsnet,1
promise,1
imageware,1
u9,1
pda,1
bash,1
ocr,1
quartusii,1
springibatis,1
sqlldr,1
chrome,1
od,1
redismysql,1
laya,1
sails,1
groundhog,1
systrace,1
gmp,1
obj,1
obd,1
bmc,1
copose,1
sqlsever,1
autolayout,1
hsql,1
ddr3,1
ibm,1
vb6,1
andorid,1
as3,1
scratch,1
icon,1
jwm,1
yiiphp,1
bldc,1
ceph,1
calibre,1
cors,1
mysqloracle,1
win32api,1
gstreamer,1
7.,1
web2.0,1
eda,1
ansible,1
ucgui,1
.,1
mitsubishi,1
layout,1
jms,1
wordpress,1
scss,1
v,1
tsql,1
bqb,1
jt808,1
vba,1
iphonesdk,1
stw32,1
16,1
javascrip,1
ab,1
vm,1
spingmvc,1
web3,1
orchestration,1
rspec,1
wamp,1
jetty,1
msmq,1
tof,1
shopnc,1
kaldi,1
androidapp,1
pcl,1
server,1
streaming,1
apue,1
typescript,1
reactnative,1
native,1
pdms,1
activity,1
androidui,1
101,1
scoket,1
codev,1
2.,1
yarn,1
samsung,1
corejava,1
iso8583,1
php7,1
lunix,1
ecma,1
axture,1
cdn,1
ctp,1
rstful,1
usercontrol,1
arm32,1
433mhz,1
webkit,1
debug,1
lsmw,1
entityframework,1
j22ee,1
direct3d,1
cyberark,1
omnibus,1
bom,1
pic,1
cgi,1
sdram,1
bootloader,1
qss,1
tdd,1
e9,1
divcs,1
cf,1
rxjava,1
windbg,1
androidx,1
hmi,1
visual,1
rdf,1
atl,1
nuxt.js,1
pxc,1
nvidia,1
apqp,1
qt4,1
avfoundation,1
sd,1
bwa,1
demo,1
toa,1
lsp,1
pp,1
pci,1
srpingboot,1
